FECHA;MARCA;PEDIDO;FACTURA;CLIENTE;NOMBRE;NUMERO LINEA;NOMBRE MODELO;CODIGO MODELO;COLOR;COMPOSICION;ARANCEL;GENERO;CATEGORIA;DESCRIPCION;TEMPORADA;PAIS ORIGEN;ESCALA;QUARTER;UNIDAD EMPAQUE;TALLA;UPC;DISTRIB TALLA;BULTOS PED;CANTIDAD TALLA;PRECIO UNIT TALLA;EXTENSION;VOLUMEN;PESO
7/3/2019;280;TL-006833MP;TL-50616;21-495;GRUPO INVERCRO S DE RL;2;5550R;STORMBUCKS PTOX DK BRO DARK BR;DRK BROWN NUBUCK;C 100% CUERO S 100% CAUCHO PEGADA F 100% TEXTIL P 80% SINTETICO 20% TEXTIL;6403.99.970;HOMBRE;OXFORD;CALZADO DE HOMBRE;SP19;BD;TF;;12;7;'886543433129;1;1;1;52;52;0.0132;1.24
7/3/2019;280;TL-006833MP;TL-50616;21-495;GRUPO INVERCRO S DE RL;2;5550R;STORMBUCKS PTOX DK BRO DARK BR;DRK BROWN NUBUCK;C 100% CUERO S 100% CAUCHO PEGADA F 100% TEXTIL P 80% SINTETICO 20% TEXTIL;6403.99.970;HOMBRE;OXFORD;CALZADO DE HOMBRE;SP19;BD;TF;;12;7.5;'886543433136;2;1;2;52;104;0.0132;1.24
7/3/2019;280;TL-006833MP;TL-50616;21-495;GRUPO INVERCRO S DE RL;2;5550R;STORMBUCKS PTOX DK BRO DARK BR;DRK BROWN NUBUCK;C 100% CUERO S 100% CAUCHO PEGADA F 100% TEXTIL P 80% SINTETICO 20% TEXTIL;6403.99.970;HOMBRE;OXFORD;CALZADO DE HOMBRE;SP19;BD;TF;;12;8;'886543433143;2;1;2;52;104;0.0132;1.24
7/3/2019;280;TL-006833MP;TL-50616;21-495;GRUPO INVERCRO S DE RL;2;5550R;STORMBUCKS PTOX DK BRO DARK BR;DRK BROWN NUBUCK;C 100% CUERO S 100% CAUCHO PEGADA F 100% TEXTIL P 80% SINTETICO 20% TEXTIL;6403.99.970;HOMBRE;OXFORD;CALZADO DE HOMBRE;SP19;BD;TF;;12;8.5;'886543433150;2;1;2;52;104;0.0132;1.24
7/3/2019;280;TL-006833MP;TL-50616;21-495;GRUPO INVERCRO S DE RL;2;5550R;STORMBUCKS PTOX DK BRO DARK BR;DRK BROWN NUBUCK;C 100% CUERO S 100% CAUCHO PEGADA F 100% TEXTIL P 80% SINTETICO 20% TEXTIL;6403.99.970;HOMBRE;OXFORD;CALZADO DE HOMBRE;SP19;BD;TF;;12;9;'886543433167;2;1;2;52;104;0.0132;1.24
7/3/2019;280;TL-006833MP;TL-50616;21-495;GRUPO INVERCRO S DE RL;2;5550R;STORMBUCKS PTOX DK BRO DARK BR;DRK BROWN NUBUCK;C 100% CUERO S 100% CAUCHO PEGADA F 100% TEXTIL P 80% SINTETICO 20% TEXTIL;6403.99.970;HOMBRE;OXFORD;CALZADO DE HOMBRE;SP19;BD;TF;;12;9.5;'886543433174;1;1;1;52;52;0.0132;1.24
7/3/2019;280;TL-006833MP;TL-50616;21-495;GRUPO INVERCRO S DE RL;2;5550R;STORMBUCKS PTOX DK BRO DARK BR;DRK BROWN NUBUCK;C 100% CUERO S 100% CAUCHO PEGADA F 100% TEXTIL P 80% SINTETICO 20% TEXTIL;6403.99.970;HOMBRE;OXFORD;CALZADO DE HOMBRE;SP19;BD;TF;;12;10;'886543433181;1;1;1;52;52;0.0132;1.24
7/3/2019;280;TL-006833MP;TL-50616;21-495;GRUPO INVERCRO S DE RL;2;5550R;STORMBUCKS PTOX DK BRO DARK BR;DRK BROWN NUBUCK;C 100% CUERO S 100% CAUCHO PEGADA F 100% TEXTIL P 80% SINTETICO 20% TEXTIL;6403.99.970;HOMBRE;OXFORD;CALZADO DE HOMBRE;SP19;BD;TF;;12;10.5;'886543433198;1;1;1;52;52;0.0132;1.24
7/3/2019;280;TL-006833MP;TL-50616;21-495;GRUPO INVERCRO S DE RL;3;A1KJI;KENDRICK CHELSEA POTTING SOIL;DARK BROWN NUBUCK;C 80% CUERO 20% TEXTIL S 100% CAUCHO COSIDA  F 60% CUERO  40% TEXTIL P 80% SINTETICO 20% TEXTIL;6403.99.970;HOMBRE;CASUAL;CALZADO DE HOMBRE;FA17;BD;TFC;;12;7.5;'190852659621;2;2;4;52;208;0.0149;1.16
7/3/2019;280;TL-006833MP;TL-50616;21-495;GRUPO INVERCRO S DE RL;3;A1KJI;KENDRICK CHELSEA POTTING SOIL;DARK BROWN NUBUCK;C 80% CUERO 20% TEXTIL S 100% CAUCHO COSIDA  F 60% CUERO  40% TEXTIL P 80% SINTETICO 20% TEXTIL;6403.99.970;HOMBRE;CASUAL;CALZADO DE HOMBRE;FA17;BD;TFC;;12;8;'190852659829;2;2;4;52;208;0.0149;1.16
7/3/2019;280;TL-006833MP;TL-50616;21-495;GRUPO INVERCRO S DE RL;3;A1KJI;KENDRICK CHELSEA POTTING SOIL;DARK BROWN NUBUCK;C 80% CUERO 20% TEXTIL S 100% CAUCHO COSIDA  F 60% CUERO  40% TEXTIL P 80% SINTETICO 20% TEXTIL;6403.99.970;HOMBRE;CASUAL;CALZADO DE HOMBRE;FA17;BD;TFC;;12;8.5;'190852660023;2;2;4;52;208;0.0149;1.16
7/3/2019;280;TL-006833MP;TL-50616;21-495;GRUPO INVERCRO S DE RL;3;A1KJI;KENDRICK CHELSEA POTTING SOIL;DARK BROWN NUBUCK;C 80% CUERO 20% TEXTIL S 100% CAUCHO COSIDA  F 60% CUERO  40% TEXTIL P 80% SINTETICO 20% TEXTIL;6403.99.970;HOMBRE;CASUAL;CALZADO DE HOMBRE;FA17;BD;TFC;;12;9;'190852660221;2;2;4;52;208;0.0149;1.16
7/3/2019;280;TL-006833MP;TL-50616;21-495;GRUPO INVERCRO S DE RL;3;A1KJI;KENDRICK CHELSEA POTTING SOIL;DARK BROWN NUBUCK;C 80% CUERO 20% TEXTIL S 100% CAUCHO COSIDA  F 60% CUERO  40% TEXTIL P 80% SINTETICO 20% TEXTIL;6403.99.970;HOMBRE;CASUAL;CALZADO DE HOMBRE;FA17;BD;TFC;;12;9.5;'190852660429;1;2;2;52;104;0.0149;1.16
7/3/2019;280;TL-006833MP;TL-50616;21-495;GRUPO INVERCRO S DE RL;3;A1KJI;KENDRICK CHELSEA POTTING SOIL;DARK BROWN NUBUCK;C 80% CUERO 20% TEXTIL S 100% CAUCHO COSIDA  F 60% CUERO  40% TEXTIL P 80% SINTETICO 20% TEXTIL;6403.99.970;HOMBRE;CASUAL;CALZADO DE HOMBRE;FA17;BD;TFC;;12;10;'190852660634;1;2;2;52;104;0.0149;1.16
7/3/2019;280;TL-006833MP;TL-50616;21-495;GRUPO INVERCRO S DE RL;3;A1KJI;KENDRICK CHELSEA POTTING SOIL;DARK BROWN NUBUCK;C 80% CUERO 20% TEXTIL S 100% CAUCHO COSIDA  F 60% CUERO  40% TEXTIL P 80% SINTETICO 20% TEXTIL;6403.99.970;HOMBRE;CASUAL;CALZADO DE HOMBRE;FA17;BD;TFC;;12;10.5;'190852660832;1;2;2;52;104;0.0149;1.16
7/3/2019;280;TL-006833MP;TL-50616;21-495;GRUPO INVERCRO S DE RL;3;A1KJI;KENDRICK CHELSEA POTTING SOIL;DARK BROWN NUBUCK;C 80% CUERO 20% TEXTIL S 100% CAUCHO COSIDA  F 60% CUERO  40% TEXTIL P 80% SINTETICO 20% TEXTIL;6403.99.970;HOMBRE;CASUAL;CALZADO DE HOMBRE;FA17;BD;TFC;;12;11;'190852661044;1;2;2;52;104;0.0149;1.16
7/3/2019;280;TL-006833MP;TL-50616;21-495;GRUPO INVERCRO S DE RL;4;A1XSM;WOODHULL LTHR OX MDBRN;MEDIUM BROWN FULL GRAIN;C 100% CUERO S 100% CAUCHO COSIDA F 100% CUERO P 80% SINTETICO 20% TEXTIL;6403.99.970;HOMBRE;OXFORD;CALZADO DE HOMBRE;SP19;BD;TFC;;12;7.5;'192360647428;2;1;2;42;84;0.0133;0.76
7/3/2019;280;TL-006833MP;TL-50616;21-495;GRUPO INVERCRO S DE RL;4;A1XSM;WOODHULL LTHR OX MDBRN;MEDIUM BROWN FULL GRAIN;C 100% CUERO S 100% CAUCHO COSIDA F 100% CUERO P 80% SINTETICO 20% TEXTIL;6403.99.970;HOMBRE;OXFORD;CALZADO DE HOMBRE;SP19;BD;TFC;;12;8;'192360647442;2;1;2;42;84;0.0133;0.76
7/3/2019;280;TL-006833MP;TL-50616;21-495;GRUPO INVERCRO S DE RL;4;A1XSM;WOODHULL LTHR OX MDBRN;MEDIUM BROWN FULL GRAIN;C 100% CUERO S 100% CAUCHO COSIDA F 100% CUERO P 80% SINTETICO 20% TEXTIL;6403.99.970;HOMBRE;OXFORD;CALZADO DE HOMBRE;SP19;BD;TFC;;12;8.5;'192360647466;2;1;2;42;84;0.0133;0.76
7/3/2019;280;TL-006833MP;TL-50616;21-495;GRUPO INVERCRO S DE RL;4;A1XSM;WOODHULL LTHR OX MDBRN;MEDIUM BROWN FULL GRAIN;C 100% CUERO S 100% CAUCHO COSIDA F 100% CUERO P 80% SINTETICO 20% TEXTIL;6403.99.970;HOMBRE;OXFORD;CALZADO DE HOMBRE;SP19;BD;TFC;;12;9;'192360647480;2;1;2;42;84;0.0133;0.76
7/3/2019;280;TL-006833MP;TL-50616;21-495;GRUPO INVERCRO S DE RL;4;A1XSM;WOODHULL LTHR OX MDBRN;MEDIUM BROWN FULL GRAIN;C 100% CUERO S 100% CAUCHO COSIDA F 100% CUERO P 80% SINTETICO 20% TEXTIL;6403.99.970;HOMBRE;OXFORD;CALZADO DE HOMBRE;SP19;BD;TFC;;12;9.5;'192360647503;1;1;1;42;42;0.0133;0.76
7/3/2019;280;TL-006833MP;TL-50616;21-495;GRUPO INVERCRO S DE RL;4;A1XSM;WOODHULL LTHR OX MDBRN;MEDIUM BROWN FULL GRAIN;C 100% CUERO S 100% CAUCHO COSIDA F 100% CUERO P 80% SINTETICO 20% TEXTIL;6403.99.970;HOMBRE;OXFORD;CALZADO DE HOMBRE;SP19;BD;TFC;;12;10;'192360647527;1;1;1;42;42;0.0133;0.76
7/3/2019;280;TL-006833MP;TL-50616;21-495;GRUPO INVERCRO S DE RL;4;A1XSM;WOODHULL LTHR OX MDBRN;MEDIUM BROWN FULL GRAIN;C 100% CUERO S 100% CAUCHO COSIDA F 100% CUERO P 80% SINTETICO 20% TEXTIL;6403.99.970;HOMBRE;OXFORD;CALZADO DE HOMBRE;SP19;BD;TFC;;12;10.5;'192360647541;1;1;1;42;42;0.0133;0.76
7/3/2019;280;TL-006833MP;TL-50616;21-495;GRUPO INVERCRO S DE RL;4;A1XSM;WOODHULL LTHR OX MDBRN;MEDIUM BROWN FULL GRAIN;C 100% CUERO S 100% CAUCHO COSIDA F 100% CUERO P 80% SINTETICO 20% TEXTIL;6403.99.970;HOMBRE;OXFORD;CALZADO DE HOMBRE;SP19;BD;TFC;;12;11;'192360647565;1;1;1;42;42;0.0133;0.76
7/3/2019;280;TL-006833MP;TL-50616;21-495;GRUPO INVERCRO S DE RL;5;A1XSX;WOODHULL LTHR OX BLK;BLACK FULL GRAIN;C 100% CUERO S 100% CAUCHO COSIDA F 100% CUERO P 80% SINTETICO 20% TEXTIL;6403.99.970;HOMBRE;OXFORD;CALZADO DE HOMBRE;SP19;BD;TFC;;12;7.5;'192360645868;2;1;2;44;88;0.0118;0.82
7/3/2019;280;TL-006833MP;TL-50616;21-495;GRUPO INVERCRO S DE RL;5;A1XSX;WOODHULL LTHR OX BLK;BLACK FULL GRAIN;C 100% CUERO S 100% CAUCHO COSIDA F 100% CUERO P 80% SINTETICO 20% TEXTIL;6403.99.970;HOMBRE;OXFORD;CALZADO DE HOMBRE;SP19;BD;TFC;;12;8;'192360645882;2;1;2;44;88;0.0118;0.82
7/3/2019;280;TL-006833MP;TL-50616;21-495;GRUPO INVERCRO S DE RL;5;A1XSX;WOODHULL LTHR OX BLK;BLACK FULL GRAIN;C 100% CUERO S 100% CAUCHO COSIDA F 100% CUERO P 80% SINTETICO 20% TEXTIL;6403.99.970;HOMBRE;OXFORD;CALZADO DE HOMBRE;SP19;BD;TFC;;12;8.5;'192360645905;2;1;2;44;88;0.0118;0.82
7/3/2019;280;TL-006833MP;TL-50616;21-495;GRUPO INVERCRO S DE RL;5;A1XSX;WOODHULL LTHR OX BLK;BLACK FULL GRAIN;C 100% CUERO S 100% CAUCHO COSIDA F 100% CUERO P 80% SINTETICO 20% TEXTIL;6403.99.970;HOMBRE;OXFORD;CALZADO DE HOMBRE;SP19;BD;TFC;;12;9;'192360645929;2;1;2;44;88;0.0118;0.82
7/3/2019;280;TL-006833MP;TL-50616;21-495;GRUPO INVERCRO S DE RL;5;A1XSX;WOODHULL LTHR OX BLK;BLACK FULL GRAIN;C 100% CUERO S 100% CAUCHO COSIDA F 100% CUERO P 80% SINTETICO 20% TEXTIL;6403.99.970;HOMBRE;OXFORD;CALZADO DE HOMBRE;SP19;BD;TFC;;12;9.5;'192360645943;1;1;1;44;44;0.0118;0.82
7/3/2019;280;TL-006833MP;TL-50616;21-495;GRUPO INVERCRO S DE RL;5;A1XSX;WOODHULL LTHR OX BLK;BLACK FULL GRAIN;C 100% CUERO S 100% CAUCHO COSIDA F 100% CUERO P 80% SINTETICO 20% TEXTIL;6403.99.970;HOMBRE;OXFORD;CALZADO DE HOMBRE;SP19;BD;TFC;;12;10;'192360645967;1;1;1;44;44;0.0118;0.82
7/3/2019;280;TL-006833MP;TL-50616;21-495;GRUPO INVERCRO S DE RL;5;A1XSX;WOODHULL LTHR OX BLK;BLACK FULL GRAIN;C 100% CUERO S 100% CAUCHO COSIDA F 100% CUERO P 80% SINTETICO 20% TEXTIL;6403.99.970;HOMBRE;OXFORD;CALZADO DE HOMBRE;SP19;BD;TFC;;12;10.5;'192360645981;1;1;1;44;44;0.0118;0.82
7/3/2019;280;TL-006833MP;TL-50616;21-495;GRUPO INVERCRO S DE RL;5;A1XSX;WOODHULL LTHR OX BLK;BLACK FULL GRAIN;C 100% CUERO S 100% CAUCHO COSIDA F 100% CUERO P 80% SINTETICO 20% TEXTIL;6403.99.970;HOMBRE;OXFORD;CALZADO DE HOMBRE;SP19;BD;TFC;;12;11;'192360646001;1;1;1;44;44;0.0118;0.82
7/3/2019;280;TL-006833MP;TL-50616;21-495;GRUPO INVERCRO S DE RL;6;A1XF2;GRAYDON F/L LOW NAVY;NAVY NUBUCK;C 60% CUERO 40% TEXTIL S 100% CAUCHO PEGADA F 80% CUERO 20% TEXTIL P 80% SINTETICO 20% TEXTIL;6403.99.970;HOMBRE;OXFORD;CALZADO DE HOMBRE;SP19;KH;TF;;12;7;'192360850170;1;1;1;36;36;0.0101;0.74
7/3/2019;280;TL-006833MP;TL-50616;21-495;GRUPO INVERCRO S DE RL;6;A1XF2;GRAYDON F/L LOW NAVY;NAVY NUBUCK;C 60% CUERO 40% TEXTIL S 100% CAUCHO PEGADA F 80% CUERO 20% TEXTIL P 80% SINTETICO 20% TEXTIL;6403.99.970;HOMBRE;OXFORD;CALZADO DE HOMBRE;SP19;KH;TF;;12;7.5;'192360850217;2;1;2;36;72;0.0101;0.74
7/3/2019;280;TL-006833MP;TL-50616;21-495;GRUPO INVERCRO S DE RL;6;A1XF2;GRAYDON F/L LOW NAVY;NAVY NUBUCK;C 60% CUERO 40% TEXTIL S 100% CAUCHO PEGADA F 80% CUERO 20% TEXTIL P 80% SINTETICO 20% TEXTIL;6403.99.970;HOMBRE;OXFORD;CALZADO DE HOMBRE;SP19;KH;TF;;12;8;'192360850279;2;1;2;36;72;0.0101;0.74
7/3/2019;280;TL-006833MP;TL-50616;21-495;GRUPO INVERCRO S DE RL;6;A1XF2;GRAYDON F/L LOW NAVY;NAVY NUBUCK;C 60% CUERO 40% TEXTIL S 100% CAUCHO PEGADA F 80% CUERO 20% TEXTIL P 80% SINTETICO 20% TEXTIL;6403.99.970;HOMBRE;OXFORD;CALZADO DE HOMBRE;SP19;KH;TF;;12;8.5;'192360850330;2;1;2;36;72;0.0101;0.74
7/3/2019;280;TL-006833MP;TL-50616;21-495;GRUPO INVERCRO S DE RL;6;A1XF2;GRAYDON F/L LOW NAVY;NAVY NUBUCK;C 60% CUERO 40% TEXTIL S 100% CAUCHO PEGADA F 80% CUERO 20% TEXTIL P 80% SINTETICO 20% TEXTIL;6403.99.970;HOMBRE;OXFORD;CALZADO DE HOMBRE;SP19;KH;TF;;12;9;'192360850392;2;1;2;36;72;0.0101;0.74
7/3/2019;280;TL-006833MP;TL-50616;21-495;GRUPO INVERCRO S DE RL;6;A1XF2;GRAYDON F/L LOW NAVY;NAVY NUBUCK;C 60% CUERO 40% TEXTIL S 100% CAUCHO PEGADA F 80% CUERO 20% TEXTIL P 80% SINTETICO 20% TEXTIL;6403.99.970;HOMBRE;OXFORD;CALZADO DE HOMBRE;SP19;KH;TF;;12;9.5;'192360850514;1;1;1;36;36;0.0101;0.74
7/3/2019;280;TL-006833MP;TL-50616;21-495;GRUPO INVERCRO S DE RL;6;A1XF2;GRAYDON F/L LOW NAVY;NAVY NUBUCK;C 60% CUERO 40% TEXTIL S 100% CAUCHO PEGADA F 80% CUERO 20% TEXTIL P 80% SINTETICO 20% TEXTIL;6403.99.970;HOMBRE;OXFORD;CALZADO DE HOMBRE;SP19;KH;TF;;12;10;'192360850453;1;1;1;36;36;0.0101;0.74
7/3/2019;280;TL-006833MP;TL-50616;21-495;GRUPO INVERCRO S DE RL;6;A1XF2;GRAYDON F/L LOW NAVY;NAVY NUBUCK;C 60% CUERO 40% TEXTIL S 100% CAUCHO PEGADA F 80% CUERO 20% TEXTIL P 80% SINTETICO 20% TEXTIL;6403.99.970;HOMBRE;OXFORD;CALZADO DE HOMBRE;SP19;KH;TF;;12;10.5;'192360850576;1;1;1;36;36;0.0101;0.74
7/3/2019;280;TL-006833MP;TL-50616;21-495;GRUPO INVERCRO S DE RL;7;A1XG2;GRAYDON F/L LOW BLK;BLACK NUBUCK;C 60% CUERO 40% TEXTIL S 100% CAUCHO PEGADA F 80% CUERO 20% TEXTIL P 80% SINTETICO 20% TEXTIL;6403.99.970;HOMBRE;OXFORD;CALZADO DE HOMBRE;SP19;KH;TF;;12;7;'192360854208;1;1;1;36;36;0.0099;0.82
7/3/2019;280;TL-006833MP;TL-50616;21-495;GRUPO INVERCRO S DE RL;7;A1XG2;GRAYDON F/L LOW BLK;BLACK NUBUCK;C 60% CUERO 40% TEXTIL S 100% CAUCHO PEGADA F 80% CUERO 20% TEXTIL P 80% SINTETICO 20% TEXTIL;6403.99.970;HOMBRE;OXFORD;CALZADO DE HOMBRE;SP19;KH;TF;;12;7.5;'192360854222;2;1;2;36;72;0.0099;0.82
7/3/2019;280;TL-006833MP;TL-50616;21-495;GRUPO INVERCRO S DE RL;7;A1XG2;GRAYDON F/L LOW BLK;BLACK NUBUCK;C 60% CUERO 40% TEXTIL S 100% CAUCHO PEGADA F 80% CUERO 20% TEXTIL P 80% SINTETICO 20% TEXTIL;6403.99.970;HOMBRE;OXFORD;CALZADO DE HOMBRE;SP19;KH;TF;;12;8;'192360854246;2;1;2;36;72;0.0099;0.82
7/3/2019;280;TL-006833MP;TL-50616;21-495;GRUPO INVERCRO S DE RL;7;A1XG2;GRAYDON F/L LOW BLK;BLACK NUBUCK;C 60% CUERO 40% TEXTIL S 100% CAUCHO PEGADA F 80% CUERO 20% TEXTIL P 80% SINTETICO 20% TEXTIL;6403.99.970;HOMBRE;OXFORD;CALZADO DE HOMBRE;SP19;KH;TF;;12;8.5;'192360854260;2;1;2;36;72;0.0099;0.82
7/3/2019;280;TL-006833MP;TL-50616;21-495;GRUPO INVERCRO S DE RL;7;A1XG2;GRAYDON F/L LOW BLK;BLACK NUBUCK;C 60% CUERO 40% TEXTIL S 100% CAUCHO PEGADA F 80% CUERO 20% TEXTIL P 80% SINTETICO 20% TEXTIL;6403.99.970;HOMBRE;OXFORD;CALZADO DE HOMBRE;SP19;KH;TF;;12;9;'192360854284;2;1;2;36;72;0.0099;0.82
7/3/2019;280;TL-006833MP;TL-50616;21-495;GRUPO INVERCRO S DE RL;7;A1XG2;GRAYDON F/L LOW BLK;BLACK NUBUCK;C 60% CUERO 40% TEXTIL S 100% CAUCHO PEGADA F 80% CUERO 20% TEXTIL P 80% SINTETICO 20% TEXTIL;6403.99.970;HOMBRE;OXFORD;CALZADO DE HOMBRE;SP19;KH;TF;;12;9.5;'192360854307;1;1;1;36;36;0.0099;0.82
7/3/2019;280;TL-006833MP;TL-50616;21-495;GRUPO INVERCRO S DE RL;7;A1XG2;GRAYDON F/L LOW BLK;BLACK NUBUCK;C 60% CUERO 40% TEXTIL S 100% CAUCHO PEGADA F 80% CUERO 20% TEXTIL P 80% SINTETICO 20% TEXTIL;6403.99.970;HOMBRE;OXFORD;CALZADO DE HOMBRE;SP19;KH;TF;;12;10;'192360854321;1;1;1;36;36;0.0099;0.82
7/3/2019;280;TL-006833MP;TL-50616;21-495;GRUPO INVERCRO S DE RL;7;A1XG2;GRAYDON F/L LOW BLK;BLACK NUBUCK;C 60% CUERO 40% TEXTIL S 100% CAUCHO PEGADA F 80% CUERO 20% TEXTIL P 80% SINTETICO 20% TEXTIL;6403.99.970;HOMBRE;OXFORD;CALZADO DE HOMBRE;SP19;KH;TF;;12;10.5;'192360854345;1;1;1;36;36;0.0099;0.82
7/3/2019;280;TL-006833MP;TL-50616;21-495;GRUPO INVERCRO S DE RL;8;15550;EK ORIGINAL DARK BROWN;DARK BROWN FULL GRAIN;C 100% CUERO S 100% CAUCHO PEGADA F 100% TEXTIL P 80% SINTETICO 20% TEXTIL;6403.91.970;HOMBRE;BOOT;BOTA DE HOMBRE;FA18;VN;TFC;;12;7.5;'829024787878;2;1;2;64;128;0.016;1.3
7/3/2019;280;TL-006833MP;TL-50616;21-495;GRUPO INVERCRO S DE RL;8;15550;EK ORIGINAL DARK BROWN;DARK BROWN FULL GRAIN;C 100% CUERO S 100% CAUCHO PEGADA F 100% TEXTIL P 80% SINTETICO 20% TEXTIL;6403.91.970;HOMBRE;BOOT;BOTA DE HOMBRE;FA18;VN;TFC;;12;8;'829024787885;2;1;2;64;128;0.016;1.3
7/3/2019;280;TL-006833MP;TL-50616;21-495;GRUPO INVERCRO S DE RL;8;15550;EK ORIGINAL DARK BROWN;DARK BROWN FULL GRAIN;C 100% CUERO S 100% CAUCHO PEGADA F 100% TEXTIL P 80% SINTETICO 20% TEXTIL;6403.91.970;HOMBRE;BOOT;BOTA DE HOMBRE;FA18;VN;TFC;;12;8.5;'829024787892;2;1;2;64;128;0.016;1.3
7/3/2019;280;TL-006833MP;TL-50616;21-495;GRUPO INVERCRO S DE RL;8;15550;EK ORIGINAL DARK BROWN;DARK BROWN FULL GRAIN;C 100% CUERO S 100% CAUCHO PEGADA F 100% TEXTIL P 80% SINTETICO 20% TEXTIL;6403.91.970;HOMBRE;BOOT;BOTA DE HOMBRE;FA18;VN;TFC;;12;9;'829024787908;2;1;2;64;128;0.016;1.3
7/3/2019;280;TL-006833MP;TL-50616;21-495;GRUPO INVERCRO S DE RL;8;15550;EK ORIGINAL DARK BROWN;DARK BROWN FULL GRAIN;C 100% CUERO S 100% CAUCHO PEGADA F 100% TEXTIL P 80% SINTETICO 20% TEXTIL;6403.91.970;HOMBRE;BOOT;BOTA DE HOMBRE;FA18;VN;TFC;;12;9.5;'829024788165;1;1;1;64;64;0.016;1.3
7/3/2019;280;TL-006833MP;TL-50616;21-495;GRUPO INVERCRO S DE RL;8;15550;EK ORIGINAL DARK BROWN;DARK BROWN FULL GRAIN;C 100% CUERO S 100% CAUCHO PEGADA F 100% TEXTIL P 80% SINTETICO 20% TEXTIL;6403.91.970;HOMBRE;BOOT;BOTA DE HOMBRE;FA18;VN;TFC;;12;10;'829024788172;1;1;1;64;64;0.016;1.3
7/3/2019;280;TL-006833MP;TL-50616;21-495;GRUPO INVERCRO S DE RL;8;15550;EK ORIGINAL DARK BROWN;DARK BROWN FULL GRAIN;C 100% CUERO S 100% CAUCHO PEGADA F 100% TEXTIL P 80% SINTETICO 20% TEXTIL;6403.91.970;HOMBRE;BOOT;BOTA DE HOMBRE;FA18;VN;TFC;;12;10.5;'829024788189;1;1;1;64;64;0.016;1.3
7/3/2019;280;TL-006833MP;TL-50616;21-495;GRUPO INVERCRO S DE RL;8;15550;EK ORIGINAL DARK BROWN;DARK BROWN FULL GRAIN;C 100% CUERO S 100% CAUCHO PEGADA F 100% TEXTIL P 80% SINTETICO 20% TEXTIL;6403.91.970;HOMBRE;BOOT;BOTA DE HOMBRE;FA18;VN;TFC;;12;11;'829024788196;1;1;1;64;64;0.016;1.3
7/3/2019;280;TL-006833MP;TL-50616;21-495;GRUPO INVERCRO S DE RL;9;A1Q52;MT  MADDSEN MID LTHR TOASTED C;MEDIUM BROWN FULL GRAIN;C 100% CUERO S 100% CAUCHO PEGADA F 100% TEXTIL P 80% SINTETICO 20% TEXTIL;6403.99.950;MUJER;MID HIKER;CALZADO DE DAMA;SP19;VN;D1;;12;6.5;'191479207011;2;1;2;50;100;0.0137;1.02
7/3/2019;280;TL-006833MP;TL-50616;21-495;GRUPO INVERCRO S DE RL;9;A1Q52;MT  MADDSEN MID LTHR TOASTED C;MEDIUM BROWN FULL GRAIN;C 100% CUERO S 100% CAUCHO PEGADA F 100% TEXTIL P 80% SINTETICO 20% TEXTIL;6403.99.950;MUJER;MID HIKER;CALZADO DE DAMA;SP19;VN;D1;;12;7.5;'191479207080;2;1;2;50;100;0.0137;1.02
7/3/2019;280;TL-006833MP;TL-50616;21-495;GRUPO INVERCRO S DE RL;9;A1Q52;MT  MADDSEN MID LTHR TOASTED C;MEDIUM BROWN FULL GRAIN;C 100% CUERO S 100% CAUCHO PEGADA F 100% TEXTIL P 80% SINTETICO 20% TEXTIL;6403.99.950;MUJER;MID HIKER;CALZADO DE DAMA;SP19;VN;D1;;12;8;'191479207134;2;1;2;50;100;0.0137;1.02
7/3/2019;280;TL-006833MP;TL-50616;21-495;GRUPO INVERCRO S DE RL;9;A1Q52;MT  MADDSEN MID LTHR TOASTED C;MEDIUM BROWN FULL GRAIN;C 100% CUERO S 100% CAUCHO PEGADA F 100% TEXTIL P 80% SINTETICO 20% TEXTIL;6403.99.950;MUJER;MID HIKER;CALZADO DE DAMA;SP19;VN;D1;;12;8.5;'191479207189;1;1;1;50;50;0.0137;1.02
7/3/2019;280;TL-006833MP;TL-50616;21-495;GRUPO INVERCRO S DE RL;9;A1Q52;MT  MADDSEN MID LTHR TOASTED C;MEDIUM BROWN FULL GRAIN;C 100% CUERO S 100% CAUCHO PEGADA F 100% TEXTIL P 80% SINTETICO 20% TEXTIL;6403.99.950;MUJER;MID HIKER;CALZADO DE DAMA;SP19;VN;D1;;12;9;'191479207202;1;1;1;50;50;0.0137;1.02
7/3/2019;280;TL-006833MP;TL-50616;21-495;GRUPO INVERCRO S DE RL;9;A1Q52;MT  MADDSEN MID LTHR TOASTED C;MEDIUM BROWN FULL GRAIN;C 100% CUERO S 100% CAUCHO PEGADA F 100% TEXTIL P 80% SINTETICO 20% TEXTIL;6403.99.950;MUJER;MID HIKER;CALZADO DE DAMA;SP19;VN;D1;;12;5.5;'191479206977;1;1;1;50;50;0.0137;1.02
7/3/2019;280;TL-006833MP;TL-50616;21-495;GRUPO INVERCRO S DE RL;9;A1Q52;MT  MADDSEN MID LTHR TOASTED C;MEDIUM BROWN FULL GRAIN;C 100% CUERO S 100% CAUCHO PEGADA F 100% TEXTIL P 80% SINTETICO 20% TEXTIL;6403.99.950;MUJER;MID HIKER;CALZADO DE DAMA;SP19;VN;D1;;12;6;'191479206991;1;1;1;50;50;0.0137;1.02
7/3/2019;280;TL-006833MP;TL-50616;21-495;GRUPO INVERCRO S DE RL;9;A1Q52;MT  MADDSEN MID LTHR TOASTED C;MEDIUM BROWN FULL GRAIN;C 100% CUERO S 100% CAUCHO PEGADA F 100% TEXTIL P 80% SINTETICO 20% TEXTIL;6403.99.950;MUJER;MID HIKER;CALZADO DE DAMA;SP19;VN;D1;;12;7;'191479207042;2;1;2;50;100;0.0137;1.02
7/3/2019;280;TL-006833MP;TL-50616;21-495;GRUPO INVERCRO S DE RL;10;A163L;KEELERDG WPLTR HKR MDBRN;MEDIUM BROWN FULL GRAIN;C 100% CUERO S 100% CAUCHO PEGADA F 100% TEXTIL P 80% SINTETICO 20% TEXTIL;6403.99.950;MUJER;MID HIKER;CALZADO DE DAMA;SP19;VN;D1;;12;6.5;'889588075941;2;1;2;45;90;0.0118;1.1
7/3/2019;280;TL-006833MP;TL-50616;21-495;GRUPO INVERCRO S DE RL;10;A163L;KEELERDG WPLTR HKR MDBRN;MEDIUM BROWN FULL GRAIN;C 100% CUERO S 100% CAUCHO PEGADA F 100% TEXTIL P 80% SINTETICO 20% TEXTIL;6403.99.950;MUJER;MID HIKER;CALZADO DE DAMA;SP19;VN;D1;;12;7.5;'889588076634;2;1;2;45;90;0.0118;1.1
7/3/2019;280;TL-006833MP;TL-50616;21-495;GRUPO INVERCRO S DE RL;10;A163L;KEELERDG WPLTR HKR MDBRN;MEDIUM BROWN FULL GRAIN;C 100% CUERO S 100% CAUCHO PEGADA F 100% TEXTIL P 80% SINTETICO 20% TEXTIL;6403.99.950;MUJER;MID HIKER;CALZADO DE DAMA;SP19;VN;D1;;12;8;'889588076986;2;1;2;45;90;0.0118;1.1
7/3/2019;280;TL-006833MP;TL-50616;21-495;GRUPO INVERCRO S DE RL;10;A163L;KEELERDG WPLTR HKR MDBRN;MEDIUM BROWN FULL GRAIN;C 100% CUERO S 100% CAUCHO PEGADA F 100% TEXTIL P 80% SINTETICO 20% TEXTIL;6403.99.950;MUJER;MID HIKER;CALZADO DE DAMA;SP19;VN;D1;;12;8.5;'889588077341;1;1;1;45;45;0.0118;1.1
7/3/2019;280;TL-006833MP;TL-50616;21-495;GRUPO INVERCRO S DE RL;10;A163L;KEELERDG WPLTR HKR MDBRN;MEDIUM BROWN FULL GRAIN;C 100% CUERO S 100% CAUCHO PEGADA F 100% TEXTIL P 80% SINTETICO 20% TEXTIL;6403.99.950;MUJER;MID HIKER;CALZADO DE DAMA;SP19;VN;D1;;12;9;'889588077709;1;1;1;45;45;0.0118;1.1
7/3/2019;280;TL-006833MP;TL-50616;21-495;GRUPO INVERCRO S DE RL;10;A163L;KEELERDG WPLTR HKR MDBRN;MEDIUM BROWN FULL GRAIN;C 100% CUERO S 100% CAUCHO PEGADA F 100% TEXTIL P 80% SINTETICO 20% TEXTIL;6403.99.950;MUJER;MID HIKER;CALZADO DE DAMA;SP19;VN;D1;;12;5.5;'889588075309;1;1;1;45;45;0.0118;1.1
7/3/2019;280;TL-006833MP;TL-50616;21-495;GRUPO INVERCRO S DE RL;10;A163L;KEELERDG WPLTR HKR MDBRN;MEDIUM BROWN FULL GRAIN;C 100% CUERO S 100% CAUCHO PEGADA F 100% TEXTIL P 80% SINTETICO 20% TEXTIL;6403.99.950;MUJER;MID HIKER;CALZADO DE DAMA;SP19;VN;D1;;12;6;'889588075613;1;1;1;45;45;0.0118;1.1
7/3/2019;280;TL-006833MP;TL-50616;21-495;GRUPO INVERCRO S DE RL;10;A163L;KEELERDG WPLTR HKR MDBRN;MEDIUM BROWN FULL GRAIN;C 100% CUERO S 100% CAUCHO PEGADA F 100% TEXTIL P 80% SINTETICO 20% TEXTIL;6403.99.950;MUJER;MID HIKER;CALZADO DE DAMA;SP19;VN;D1;;12;7;'889588076276;2;1;2;45;90;0.0118;1.1
7/3/2019;280;TL-006833MP;TL-50616;21-495;GRUPO INVERCRO S DE RL;11;A1NRW;MT  MADDSEN MID LTHR BRINDLE;MEDIUM GREY FULL GRAIN;C 100% CUERO S 100% CAUCHO PEGADA F 100% TEXTIL P 80% SINTETICO 20% TEXTIL;6403.99.950;MUJER;MID HIKER;CALZADO DE DAMA;0;VN;D1;;12;6.5;'191479206496;2;1;2;50;100;0.0133;1
7/3/2019;280;TL-006833MP;TL-50616;21-495;GRUPO INVERCRO S DE RL;11;A1NRW;MT  MADDSEN MID LTHR BRINDLE;MEDIUM GREY FULL GRAIN;C 100% CUERO S 100% CAUCHO PEGADA F 100% TEXTIL P 80% SINTETICO 20% TEXTIL;6403.99.950;MUJER;MID HIKER;CALZADO DE DAMA;0;VN;D1;;12;7.5;'191479206533;2;1;2;50;100;0.0133;1
7/3/2019;280;TL-006833MP;TL-50616;21-495;GRUPO INVERCRO S DE RL;11;A1NRW;MT  MADDSEN MID LTHR BRINDLE;MEDIUM GREY FULL GRAIN;C 100% CUERO S 100% CAUCHO PEGADA F 100% TEXTIL P 80% SINTETICO 20% TEXTIL;6403.99.950;MUJER;MID HIKER;CALZADO DE DAMA;0;VN;D1;;12;8;'191479206557;2;1;2;50;100;0.0133;1
7/3/2019;280;TL-006833MP;TL-50616;21-495;GRUPO INVERCRO S DE RL;11;A1NRW;MT  MADDSEN MID LTHR BRINDLE;MEDIUM GREY FULL GRAIN;C 100% CUERO S 100% CAUCHO PEGADA F 100% TEXTIL P 80% SINTETICO 20% TEXTIL;6403.99.950;MUJER;MID HIKER;CALZADO DE DAMA;0;VN;D1;;12;8.5;'191479206571;1;1;1;50;50;0.0133;1
7/3/2019;280;TL-006833MP;TL-50616;21-495;GRUPO INVERCRO S DE RL;11;A1NRW;MT  MADDSEN MID LTHR BRINDLE;MEDIUM GREY FULL GRAIN;C 100% CUERO S 100% CAUCHO PEGADA F 100% TEXTIL P 80% SINTETICO 20% TEXTIL;6403.99.950;MUJER;MID HIKER;CALZADO DE DAMA;0;VN;D1;;12;9;'191479206595;1;1;1;50;50;0.0133;1
7/3/2019;280;TL-006833MP;TL-50616;21-495;GRUPO INVERCRO S DE RL;11;A1NRW;MT  MADDSEN MID LTHR BRINDLE;MEDIUM GREY FULL GRAIN;C 100% CUERO S 100% CAUCHO PEGADA F 100% TEXTIL P 80% SINTETICO 20% TEXTIL;6403.99.950;MUJER;MID HIKER;CALZADO DE DAMA;0;VN;D1;;12;5.5;'191479206458;1;1;1;50;50;0.0133;1
7/3/2019;280;TL-006833MP;TL-50616;21-495;GRUPO INVERCRO S DE RL;11;A1NRW;MT  MADDSEN MID LTHR BRINDLE;MEDIUM GREY FULL GRAIN;C 100% CUERO S 100% CAUCHO PEGADA F 100% TEXTIL P 80% SINTETICO 20% TEXTIL;6403.99.950;MUJER;MID HIKER;CALZADO DE DAMA;0;VN;D1;;12;6;'191479206472;1;1;1;50;50;0.0133;1
7/3/2019;280;TL-006833MP;TL-50616;21-495;GRUPO INVERCRO S DE RL;11;A1NRW;MT  MADDSEN MID LTHR BRINDLE;MEDIUM GREY FULL GRAIN;C 100% CUERO S 100% CAUCHO PEGADA F 100% TEXTIL P 80% SINTETICO 20% TEXTIL;6403.99.950;MUJER;MID HIKER;CALZADO DE DAMA;0;VN;D1;;12;7;'191479206519;2;1;2;50;100;0.0133;1
7/3/2019;280;TL-006833MP;TL-50616;21-495;GRUPO INVERCRO S DE RL;12;5422A;EKBRADST PTC DKBRN O BROWN;MEDIUM BROWN NUBUCK;C 100% CUERO S 100% CAUCHO PEGADA F 100% TEXTIL P 80% SINTETICO 20% TEXTIL;6403.99.970;HOMBRE;CHUKKA;CALZADO DE HOMBRE;FA18;BD;TFC;;12;7.5;'887974250330;2;2;4;42;168;0.0119;0.94
7/3/2019;280;TL-006833MP;TL-50616;21-495;GRUPO INVERCRO S DE RL;12;5422A;EKBRADST PTC DKBRN O BROWN;MEDIUM BROWN NUBUCK;C 100% CUERO S 100% CAUCHO PEGADA F 100% TEXTIL P 80% SINTETICO 20% TEXTIL;6403.99.970;HOMBRE;CHUKKA;CALZADO DE HOMBRE;FA18;BD;TFC;;12;8;'887974250347;2;2;4;42;168;0.0119;0.94
7/3/2019;280;TL-006833MP;TL-50616;21-495;GRUPO INVERCRO S DE RL;12;5422A;EKBRADST PTC DKBRN O BROWN;MEDIUM BROWN NUBUCK;C 100% CUERO S 100% CAUCHO PEGADA F 100% TEXTIL P 80% SINTETICO 20% TEXTIL;6403.99.970;HOMBRE;CHUKKA;CALZADO DE HOMBRE;FA18;BD;TFC;;12;8.5;'887974250354;2;2;4;42;168;0.0119;0.94
7/3/2019;280;TL-006833MP;TL-50616;21-495;GRUPO INVERCRO S DE RL;12;5422A;EKBRADST PTC DKBRN O BROWN;MEDIUM BROWN NUBUCK;C 100% CUERO S 100% CAUCHO PEGADA F 100% TEXTIL P 80% SINTETICO 20% TEXTIL;6403.99.970;HOMBRE;CHUKKA;CALZADO DE HOMBRE;FA18;BD;TFC;;12;9;'887974250361;2;2;4;42;168;0.0119;0.94
7/3/2019;280;TL-006833MP;TL-50616;21-495;GRUPO INVERCRO S DE RL;12;5422A;EKBRADST PTC DKBRN O BROWN;MEDIUM BROWN NUBUCK;C 100% CUERO S 100% CAUCHO PEGADA F 100% TEXTIL P 80% SINTETICO 20% TEXTIL;6403.99.970;HOMBRE;CHUKKA;CALZADO DE HOMBRE;FA18;BD;TFC;;12;9.5;'887974250378;1;2;2;42;84;0.0119;0.94
7/3/2019;280;TL-006833MP;TL-50616;21-495;GRUPO INVERCRO S DE RL;12;5422A;EKBRADST PTC DKBRN O BROWN;MEDIUM BROWN NUBUCK;C 100% CUERO S 100% CAUCHO PEGADA F 100% TEXTIL P 80% SINTETICO 20% TEXTIL;6403.99.970;HOMBRE;CHUKKA;CALZADO DE HOMBRE;FA18;BD;TFC;;12;10;'887974250385;1;2;2;42;84;0.0119;0.94
7/3/2019;280;TL-006833MP;TL-50616;21-495;GRUPO INVERCRO S DE RL;12;5422A;EKBRADST PTC DKBRN O BROWN;MEDIUM BROWN NUBUCK;C 100% CUERO S 100% CAUCHO PEGADA F 100% TEXTIL P 80% SINTETICO 20% TEXTIL;6403.99.970;HOMBRE;CHUKKA;CALZADO DE HOMBRE;FA18;BD;TFC;;12;10.5;'887974250392;1;2;2;42;84;0.0119;0.94
7/3/2019;280;TL-006833MP;TL-50616;21-495;GRUPO INVERCRO S DE RL;12;5422A;EKBRADST PTC DKBRN O BROWN;MEDIUM BROWN NUBUCK;C 100% CUERO S 100% CAUCHO PEGADA F 100% TEXTIL P 80% SINTETICO 20% TEXTIL;6403.99.970;HOMBRE;CHUKKA;CALZADO DE HOMBRE;FA18;BD;TFC;;12;11;'887974250408;1;2;2;42;84;0.0119;0.94
7/3/2019;280;TL-006833MP;TL-50616;21-495;GRUPO INVERCRO S DE RL;13;10361;6IN PREMIUM BOOT;WHEAT NUBUCK;C 100% CUERO S 100% CAUCHO PEGADA  F 60% CUERO  40% TEXTIL  P 80% SINTETICO 20% TEXTIL;6403.99.950;MUJER;CASUAL;BOTA DE DAMA;0;BD;D1;;12;6.5;'906196647;2;1;2;64;128;0.0141;1.48
7/3/2019;280;TL-006833MP;TL-50616;21-495;GRUPO INVERCRO S DE RL;13;10361;6IN PREMIUM BOOT;WHEAT NUBUCK;C 100% CUERO S 100% CAUCHO PEGADA  F 60% CUERO  40% TEXTIL  P 80% SINTETICO 20% TEXTIL;6403.99.950;MUJER;CASUAL;BOTA DE DAMA;0;BD;D1;;12;7.5;'906200009;2;1;2;64;128;0.0141;1.48
7/3/2019;280;TL-006833MP;TL-50616;21-495;GRUPO INVERCRO S DE RL;13;10361;6IN PREMIUM BOOT;WHEAT NUBUCK;C 100% CUERO S 100% CAUCHO PEGADA  F 60% CUERO  40% TEXTIL  P 80% SINTETICO 20% TEXTIL;6403.99.950;MUJER;CASUAL;BOTA DE DAMA;0;BD;D1;;12;8;'906346271;2;1;2;64;128;0.0141;1.48
7/3/2019;280;TL-006833MP;TL-50616;21-495;GRUPO INVERCRO S DE RL;13;10361;6IN PREMIUM BOOT;WHEAT NUBUCK;C 100% CUERO S 100% CAUCHO PEGADA  F 60% CUERO  40% TEXTIL  P 80% SINTETICO 20% TEXTIL;6403.99.950;MUJER;CASUAL;BOTA DE DAMA;0;BD;D1;;12;8.5;'906202782;1;1;1;64;64;0.0141;1.48
7/3/2019;280;TL-006833MP;TL-50616;21-495;GRUPO INVERCRO S DE RL;13;10361;6IN PREMIUM BOOT;WHEAT NUBUCK;C 100% CUERO S 100% CAUCHO PEGADA  F 60% CUERO  40% TEXTIL  P 80% SINTETICO 20% TEXTIL;6403.99.950;MUJER;CASUAL;BOTA DE DAMA;0;BD;D1;;12;9;'906346301;1;1;1;64;64;0.0141;1.48
7/3/2019;280;TL-006833MP;TL-50616;21-495;GRUPO INVERCRO S DE RL;13;10361;6IN PREMIUM BOOT;WHEAT NUBUCK;C 100% CUERO S 100% CAUCHO PEGADA  F 60% CUERO  40% TEXTIL  P 80% SINTETICO 20% TEXTIL;6403.99.950;MUJER;CASUAL;BOTA DE DAMA;0;BD;D1;;12;5.5;'906193332;1;1;1;64;64;0.0141;1.48
7/3/2019;280;TL-006833MP;TL-50616;21-495;GRUPO INVERCRO S DE RL;13;10361;6IN PREMIUM BOOT;WHEAT NUBUCK;C 100% CUERO S 100% CAUCHO PEGADA  F 60% CUERO  40% TEXTIL  P 80% SINTETICO 20% TEXTIL;6403.99.950;MUJER;CASUAL;BOTA DE DAMA;0;BD;D1;;12;6;'906346158;1;1;1;64;64;0.0141;1.48
7/3/2019;280;TL-006833MP;TL-50616;21-495;GRUPO INVERCRO S DE RL;13;10361;6IN PREMIUM BOOT;WHEAT NUBUCK;C 100% CUERO S 100% CAUCHO PEGADA  F 60% CUERO  40% TEXTIL  P 80% SINTETICO 20% TEXTIL;6403.99.950;MUJER;CASUAL;BOTA DE DAMA;0;BD;D1;;12;7;'906346219;2;1;2;64;128;0.0141;1.48
7/3/2019;280;TL-006833MP;TL-50616;21-495;GRUPO INVERCRO S DE RL;14;A1TLW;ALTIMETER LEATHER ME JET BLACK;BLACK FULL GRAIN;C 50% TEXTIL 45% CUERO 5% SINTETICO S 100% CAUCHO PEGADA F 100% TEXTIL P 80% SINTETICO 20% TEXTIL;6403.99.970;HOMBRE;CASUAL;CALZADO DE HOMBRE;FA18;CN;TFC;;12;7.5;'191929597853;2;2;4;38;152;0.0112;0.84
7/3/2019;280;TL-006833MP;TL-50616;21-495;GRUPO INVERCRO S DE RL;14;A1TLW;ALTIMETER LEATHER ME JET BLACK;BLACK FULL GRAIN;C 50% TEXTIL 45% CUERO 5% SINTETICO S 100% CAUCHO PEGADA F 100% TEXTIL P 80% SINTETICO 20% TEXTIL;6403.99.970;HOMBRE;CASUAL;CALZADO DE HOMBRE;FA18;CN;TFC;;12;8;'191929598041;2;2;4;38;152;0.0112;0.84
7/3/2019;280;TL-006833MP;TL-50616;21-495;GRUPO INVERCRO S DE RL;14;A1TLW;ALTIMETER LEATHER ME JET BLACK;BLACK FULL GRAIN;C 50% TEXTIL 45% CUERO 5% SINTETICO S 100% CAUCHO PEGADA F 100% TEXTIL P 80% SINTETICO 20% TEXTIL;6403.99.970;HOMBRE;CASUAL;CALZADO DE HOMBRE;FA18;CN;TFC;;12;8.5;'191929598249;2;2;4;38;152;0.0112;0.84
7/3/2019;280;TL-006833MP;TL-50616;21-495;GRUPO INVERCRO S DE RL;14;A1TLW;ALTIMETER LEATHER ME JET BLACK;BLACK FULL GRAIN;C 50% TEXTIL 45% CUERO 5% SINTETICO S 100% CAUCHO PEGADA F 100% TEXTIL P 80% SINTETICO 20% TEXTIL;6403.99.970;HOMBRE;CASUAL;CALZADO DE HOMBRE;FA18;CN;TFC;;12;9;'191929598447;2;2;4;38;152;0.0112;0.84
7/3/2019;280;TL-006833MP;TL-50616;21-495;GRUPO INVERCRO S DE RL;14;A1TLW;ALTIMETER LEATHER ME JET BLACK;BLACK FULL GRAIN;C 50% TEXTIL 45% CUERO 5% SINTETICO S 100% CAUCHO PEGADA F 100% TEXTIL P 80% SINTETICO 20% TEXTIL;6403.99.970;HOMBRE;CASUAL;CALZADO DE HOMBRE;FA18;CN;TFC;;12;9.5;'191929598645;1;2;2;38;76;0.0112;0.84
7/3/2019;280;TL-006833MP;TL-50616;21-495;GRUPO INVERCRO S DE RL;14;A1TLW;ALTIMETER LEATHER ME JET BLACK;BLACK FULL GRAIN;C 50% TEXTIL 45% CUERO 5% SINTETICO S 100% CAUCHO PEGADA F 100% TEXTIL P 80% SINTETICO 20% TEXTIL;6403.99.970;HOMBRE;CASUAL;CALZADO DE HOMBRE;FA18;CN;TFC;;12;10;'191929598843;1;2;2;38;76;0.0112;0.84
7/3/2019;280;TL-006833MP;TL-50616;21-495;GRUPO INVERCRO S DE RL;14;A1TLW;ALTIMETER LEATHER ME JET BLACK;BLACK FULL GRAIN;C 50% TEXTIL 45% CUERO 5% SINTETICO S 100% CAUCHO PEGADA F 100% TEXTIL P 80% SINTETICO 20% TEXTIL;6403.99.970;HOMBRE;CASUAL;CALZADO DE HOMBRE;FA18;CN;TFC;;12;10.5;'191929599048;1;2;2;38;76;0.0112;0.84
7/3/2019;280;TL-006833MP;TL-50616;21-495;GRUPO INVERCRO S DE RL;14;A1TLW;ALTIMETER LEATHER ME JET BLACK;BLACK FULL GRAIN;C 50% TEXTIL 45% CUERO 5% SINTETICO S 100% CAUCHO PEGADA F 100% TEXTIL P 80% SINTETICO 20% TEXTIL;6403.99.970;HOMBRE;CASUAL;CALZADO DE HOMBRE;FA18;CN;TFC;;12;11;'191929599246;1;2;2;38;76;0.0112;0.84
7/3/2019;280;TL-006833MP;TL-50616;21-495;GRUPO INVERCRO S DE RL;15;9540A;MT MADDSEN LOW MD BRN;MEDIUM BROWN FULL GRAIN;C 90% CUERO 10% TEXTIL S 100% CAUCHO PEGADA F 100% TEXTIL P 80% SINTETICO 20% TEXTIL;6403.99.970;HOMBRE;LOW HIKER;CALZADO DE HOMBRE;SP19;VN;TF;;12;7;'888732294412;1;2;2;40;80;0.0141;1.12
7/3/2019;280;TL-006833MP;TL-50616;21-495;GRUPO INVERCRO S DE RL;15;9540A;MT MADDSEN LOW MD BRN;MEDIUM BROWN FULL GRAIN;C 90% CUERO 10% TEXTIL S 100% CAUCHO PEGADA F 100% TEXTIL P 80% SINTETICO 20% TEXTIL;6403.99.970;HOMBRE;LOW HIKER;CALZADO DE HOMBRE;SP19;VN;TF;;12;7.5;'888732294429;2;2;4;40;160;0.0141;1.12
7/3/2019;280;TL-006833MP;TL-50616;21-495;GRUPO INVERCRO S DE RL;15;9540A;MT MADDSEN LOW MD BRN;MEDIUM BROWN FULL GRAIN;C 90% CUERO 10% TEXTIL S 100% CAUCHO PEGADA F 100% TEXTIL P 80% SINTETICO 20% TEXTIL;6403.99.970;HOMBRE;LOW HIKER;CALZADO DE HOMBRE;SP19;VN;TF;;12;8;'888732294436;2;2;4;40;160;0.0141;1.12
7/3/2019;280;TL-006833MP;TL-50616;21-495;GRUPO INVERCRO S DE RL;15;9540A;MT MADDSEN LOW MD BRN;MEDIUM BROWN FULL GRAIN;C 90% CUERO 10% TEXTIL S 100% CAUCHO PEGADA F 100% TEXTIL P 80% SINTETICO 20% TEXTIL;6403.99.970;HOMBRE;LOW HIKER;CALZADO DE HOMBRE;SP19;VN;TF;;12;8.5;'888732294443;2;2;4;40;160;0.0141;1.12
7/3/2019;280;TL-006833MP;TL-50616;21-495;GRUPO INVERCRO S DE RL;15;9540A;MT MADDSEN LOW MD BRN;MEDIUM BROWN FULL GRAIN;C 90% CUERO 10% TEXTIL S 100% CAUCHO PEGADA F 100% TEXTIL P 80% SINTETICO 20% TEXTIL;6403.99.970;HOMBRE;LOW HIKER;CALZADO DE HOMBRE;SP19;VN;TF;;12;9;'888732294450;2;2;4;40;160;0.0141;1.12
7/3/2019;280;TL-006833MP;TL-50616;21-495;GRUPO INVERCRO S DE RL;15;9540A;MT MADDSEN LOW MD BRN;MEDIUM BROWN FULL GRAIN;C 90% CUERO 10% TEXTIL S 100% CAUCHO PEGADA F 100% TEXTIL P 80% SINTETICO 20% TEXTIL;6403.99.970;HOMBRE;LOW HIKER;CALZADO DE HOMBRE;SP19;VN;TF;;12;9.5;'888732294467;1;2;2;40;80;0.0141;1.12
7/3/2019;280;TL-006833MP;TL-50616;21-495;GRUPO INVERCRO S DE RL;15;9540A;MT MADDSEN LOW MD BRN;MEDIUM BROWN FULL GRAIN;C 90% CUERO 10% TEXTIL S 100% CAUCHO PEGADA F 100% TEXTIL P 80% SINTETICO 20% TEXTIL;6403.99.970;HOMBRE;LOW HIKER;CALZADO DE HOMBRE;SP19;VN;TF;;12;10;'888732294474;1;2;2;40;80;0.0141;1.12
7/3/2019;280;TL-006833MP;TL-50616;21-495;GRUPO INVERCRO S DE RL;15;9540A;MT MADDSEN LOW MD BRN;MEDIUM BROWN FULL GRAIN;C 90% CUERO 10% TEXTIL S 100% CAUCHO PEGADA F 100% TEXTIL P 80% SINTETICO 20% TEXTIL;6403.99.970;HOMBRE;LOW HIKER;CALZADO DE HOMBRE;SP19;VN;TF;;12;10.5;'888732294481;1;2;2;40;80;0.0141;1.12
7/3/2019;280;TL-006833MP;TL-50616;21-495;GRUPO INVERCRO S DE RL;16;A1UYR;BOLTERO HIKER DK BRN;DARK BROWN NUBUCK;C 90% CUERO 10% TEXTIL S 100% CAUCHO PEGADA F 80% CUERO 20% TEXTIL P 80% SINTETICO 20% TEXTIL;6403.99.970;HOMBRE;MID HIKER;CALZADO DE HOMBRE;SP19;KH;TF;;12;7;'192360609167;1;2;2;44;88;0.0138;0.98
7/3/2019;280;TL-006833MP;TL-50616;21-495;GRUPO INVERCRO S DE RL;16;A1UYR;BOLTERO HIKER DK BRN;DARK BROWN NUBUCK;C 90% CUERO 10% TEXTIL S 100% CAUCHO PEGADA F 80% CUERO 20% TEXTIL P 80% SINTETICO 20% TEXTIL;6403.99.970;HOMBRE;MID HIKER;CALZADO DE HOMBRE;SP19;KH;TF;;12;7.5;'192360609181;2;2;4;44;176;0.0138;0.98
7/3/2019;280;TL-006833MP;TL-50616;21-495;GRUPO INVERCRO S DE RL;16;A1UYR;BOLTERO HIKER DK BRN;DARK BROWN NUBUCK;C 90% CUERO 10% TEXTIL S 100% CAUCHO PEGADA F 80% CUERO 20% TEXTIL P 80% SINTETICO 20% TEXTIL;6403.99.970;HOMBRE;MID HIKER;CALZADO DE HOMBRE;SP19;KH;TF;;12;8;'192360609204;2;2;4;44;176;0.0138;0.98
7/3/2019;280;TL-006833MP;TL-50616;21-495;GRUPO INVERCRO S DE RL;16;A1UYR;BOLTERO HIKER DK BRN;DARK BROWN NUBUCK;C 90% CUERO 10% TEXTIL S 100% CAUCHO PEGADA F 80% CUERO 20% TEXTIL P 80% SINTETICO 20% TEXTIL;6403.99.970;HOMBRE;MID HIKER;CALZADO DE HOMBRE;SP19;KH;TF;;12;8.5;'192360609228;2;2;4;44;176;0.0138;0.98
7/3/2019;280;TL-006833MP;TL-50616;21-495;GRUPO INVERCRO S DE RL;16;A1UYR;BOLTERO HIKER DK BRN;DARK BROWN NUBUCK;C 90% CUERO 10% TEXTIL S 100% CAUCHO PEGADA F 80% CUERO 20% TEXTIL P 80% SINTETICO 20% TEXTIL;6403.99.970;HOMBRE;MID HIKER;CALZADO DE HOMBRE;SP19;KH;TF;;12;9;'192360609242;2;2;4;44;176;0.0138;0.98
7/3/2019;280;TL-006833MP;TL-50616;21-495;GRUPO INVERCRO S DE RL;16;A1UYR;BOLTERO HIKER DK BRN;DARK BROWN NUBUCK;C 90% CUERO 10% TEXTIL S 100% CAUCHO PEGADA F 80% CUERO 20% TEXTIL P 80% SINTETICO 20% TEXTIL;6403.99.970;HOMBRE;MID HIKER;CALZADO DE HOMBRE;SP19;KH;TF;;12;9.5;'192360609266;1;2;2;44;88;0.0138;0.98
7/3/2019;280;TL-006833MP;TL-50616;21-495;GRUPO INVERCRO S DE RL;16;A1UYR;BOLTERO HIKER DK BRN;DARK BROWN NUBUCK;C 90% CUERO 10% TEXTIL S 100% CAUCHO PEGADA F 80% CUERO 20% TEXTIL P 80% SINTETICO 20% TEXTIL;6403.99.970;HOMBRE;MID HIKER;CALZADO DE HOMBRE;SP19;KH;TF;;12;10;'192360609280;1;2;2;44;88;0.0138;0.98
7/3/2019;280;TL-006833MP;TL-50616;21-495;GRUPO INVERCRO S DE RL;16;A1UYR;BOLTERO HIKER DK BRN;DARK BROWN NUBUCK;C 90% CUERO 10% TEXTIL S 100% CAUCHO PEGADA F 80% CUERO 20% TEXTIL P 80% SINTETICO 20% TEXTIL;6403.99.970;HOMBRE;MID HIKER;CALZADO DE HOMBRE;SP19;KH;TF;;12;10.5;'192360609303;1;2;2;44;88;0.0138;0.98
7/3/2019;280;TL-006833MP;TL-50616;21-495;GRUPO INVERCRO S DE RL;17;A1R1S;BOLTERO HIKER BLK;BLACK NUBUCK;C 90% CUERO 10% TEXTIL S 100% CAUCHO PEGADA F 80% CUERO 20% TEXTIL P 80% SINTETICO 20% TEXTIL;6403.99.970;HOMBRE;MID HIKER;CALZADO DE HOMBRE;SP19;KH;TF;;12;7;'191932354986;1;2;2;44;88;0.014;0.96
7/3/2019;280;TL-006833MP;TL-50616;21-495;GRUPO INVERCRO S DE RL;17;A1R1S;BOLTERO HIKER BLK;BLACK NUBUCK;C 90% CUERO 10% TEXTIL S 100% CAUCHO PEGADA F 80% CUERO 20% TEXTIL P 80% SINTETICO 20% TEXTIL;6403.99.970;HOMBRE;MID HIKER;CALZADO DE HOMBRE;SP19;KH;TF;;12;7.5;'191932355099;2;2;4;44;176;0.014;0.96
7/3/2019;280;TL-006833MP;TL-50616;21-495;GRUPO INVERCRO S DE RL;17;A1R1S;BOLTERO HIKER BLK;BLACK NUBUCK;C 90% CUERO 10% TEXTIL S 100% CAUCHO PEGADA F 80% CUERO 20% TEXTIL P 80% SINTETICO 20% TEXTIL;6403.99.970;HOMBRE;MID HIKER;CALZADO DE HOMBRE;SP19;KH;TF;;12;8;'191932355211;2;2;4;44;176;0.014;0.96
7/3/2019;280;TL-006833MP;TL-50616;21-495;GRUPO INVERCRO S DE RL;17;A1R1S;BOLTERO HIKER BLK;BLACK NUBUCK;C 90% CUERO 10% TEXTIL S 100% CAUCHO PEGADA F 80% CUERO 20% TEXTIL P 80% SINTETICO 20% TEXTIL;6403.99.970;HOMBRE;MID HIKER;CALZADO DE HOMBRE;SP19;KH;TF;;12;8.5;'191932355334;2;2;4;44;176;0.014;0.96
7/3/2019;280;TL-006833MP;TL-50616;21-495;GRUPO INVERCRO S DE RL;17;A1R1S;BOLTERO HIKER BLK;BLACK NUBUCK;C 90% CUERO 10% TEXTIL S 100% CAUCHO PEGADA F 80% CUERO 20% TEXTIL P 80% SINTETICO 20% TEXTIL;6403.99.970;HOMBRE;MID HIKER;CALZADO DE HOMBRE;SP19;KH;TF;;12;9;'191932355440;2;2;4;44;176;0.014;0.96
7/3/2019;280;TL-006833MP;TL-50616;21-495;GRUPO INVERCRO S DE RL;17;A1R1S;BOLTERO HIKER BLK;BLACK NUBUCK;C 90% CUERO 10% TEXTIL S 100% CAUCHO PEGADA F 80% CUERO 20% TEXTIL P 80% SINTETICO 20% TEXTIL;6403.99.970;HOMBRE;MID HIKER;CALZADO DE HOMBRE;SP19;KH;TF;;12;9.5;'191932355549;1;2;2;44;88;0.014;0.96
7/3/2019;280;TL-006833MP;TL-50616;21-495;GRUPO INVERCRO S DE RL;17;A1R1S;BOLTERO HIKER BLK;BLACK NUBUCK;C 90% CUERO 10% TEXTIL S 100% CAUCHO PEGADA F 80% CUERO 20% TEXTIL P 80% SINTETICO 20% TEXTIL;6403.99.970;HOMBRE;MID HIKER;CALZADO DE HOMBRE;SP19;KH;TF;;12;10;'191932355655;1;2;2;44;88;0.014;0.96
7/3/2019;280;TL-006833MP;TL-50616;21-495;GRUPO INVERCRO S DE RL;17;A1R1S;BOLTERO HIKER BLK;BLACK NUBUCK;C 90% CUERO 10% TEXTIL S 100% CAUCHO PEGADA F 80% CUERO 20% TEXTIL P 80% SINTETICO 20% TEXTIL;6403.99.970;HOMBRE;MID HIKER;CALZADO DE HOMBRE;SP19;KH;TF;;12;10.5;'191932355754;1;2;2;44;88;0.014;0.96
7/3/2019;280;TL-006833MP;TL-50616;21-495;GRUPO INVERCRO S DE RL;18;A15LO;KEELE RIDGE F/L MID DARK BROWN;DARK BROWN FULL GRAIN;C 80% CUERO 20% TEXTIL S 100% CAUCHO PEGADA F 100% TEXTIL P 80% SINTETICO 20% TEXTIL;6403.99.970;HOMBRE;MID;CALZADO DE HOMBRE;FA18;VN;TF;;12;7;'888658956326;1;2;2;42;84;0.014;1.22
7/3/2019;280;TL-006833MP;TL-50616;21-495;GRUPO INVERCRO S DE RL;18;A15LO;KEELE RIDGE F/L MID DARK BROWN;DARK BROWN FULL GRAIN;C 80% CUERO 20% TEXTIL S 100% CAUCHO PEGADA F 100% TEXTIL P 80% SINTETICO 20% TEXTIL;6403.99.970;HOMBRE;MID;CALZADO DE HOMBRE;FA18;VN;TF;;12;7.5;'888658956616;2;2;4;42;168;0.014;1.22
7/3/2019;280;TL-006833MP;TL-50616;21-495;GRUPO INVERCRO S DE RL;18;A15LO;KEELE RIDGE F/L MID DARK BROWN;DARK BROWN FULL GRAIN;C 80% CUERO 20% TEXTIL S 100% CAUCHO PEGADA F 100% TEXTIL P 80% SINTETICO 20% TEXTIL;6403.99.970;HOMBRE;MID;CALZADO DE HOMBRE;FA18;VN;TF;;12;8;'888658955800;2;2;4;42;168;0.014;1.22
7/3/2019;280;TL-006833MP;TL-50616;21-495;GRUPO INVERCRO S DE RL;18;A15LO;KEELE RIDGE F/L MID DARK BROWN;DARK BROWN FULL GRAIN;C 80% CUERO 20% TEXTIL S 100% CAUCHO PEGADA F 100% TEXTIL P 80% SINTETICO 20% TEXTIL;6403.99.970;HOMBRE;MID;CALZADO DE HOMBRE;FA18;VN;TF;;12;8.5;'888658956074;2;2;4;42;168;0.014;1.22
7/3/2019;280;TL-006833MP;TL-50616;21-495;GRUPO INVERCRO S DE RL;18;A15LO;KEELE RIDGE F/L MID DARK BROWN;DARK BROWN FULL GRAIN;C 80% CUERO 20% TEXTIL S 100% CAUCHO PEGADA F 100% TEXTIL P 80% SINTETICO 20% TEXTIL;6403.99.970;HOMBRE;MID;CALZADO DE HOMBRE;FA18;VN;TF;;12;9;'888658956937;2;2;4;42;168;0.014;1.22
7/3/2019;280;TL-006833MP;TL-50616;21-495;GRUPO INVERCRO S DE RL;18;A15LO;KEELE RIDGE F/L MID DARK BROWN;DARK BROWN FULL GRAIN;C 80% CUERO 20% TEXTIL S 100% CAUCHO PEGADA F 100% TEXTIL P 80% SINTETICO 20% TEXTIL;6403.99.970;HOMBRE;MID;CALZADO DE HOMBRE;FA18;VN;TF;;12;9.5;'888658957255;1;2;2;42;84;0.014;1.22
7/3/2019;280;TL-006833MP;TL-50616;21-495;GRUPO INVERCRO S DE RL;18;A15LO;KEELE RIDGE F/L MID DARK BROWN;DARK BROWN FULL GRAIN;C 80% CUERO 20% TEXTIL S 100% CAUCHO PEGADA F 100% TEXTIL P 80% SINTETICO 20% TEXTIL;6403.99.970;HOMBRE;MID;CALZADO DE HOMBRE;FA18;VN;TF;;12;10;'888658957576;1;2;2;42;84;0.014;1.22
7/3/2019;280;TL-006833MP;TL-50616;21-495;GRUPO INVERCRO S DE RL;18;A15LO;KEELE RIDGE F/L MID DARK BROWN;DARK BROWN FULL GRAIN;C 80% CUERO 20% TEXTIL S 100% CAUCHO PEGADA F 100% TEXTIL P 80% SINTETICO 20% TEXTIL;6403.99.970;HOMBRE;MID;CALZADO DE HOMBRE;FA18;VN;TF;;12;10.5;'888658957866;1;2;2;42;84;0.014;1.22
7/3/2019;280;TL-006833MP;TL-50616;21-495;GRUPO INVERCRO S DE RL;19;A1J4H;MT  MADDSEN MID LTHR BROWN;MEDIUM BROWN FULL GRAIN;C 100% CUERO S 100% CAUCHO PEGADA F 100% TEXTIL P 80% SINTETICO 20% TEXTIL;6403.99.970;HOMBRE;MID HIKER;CALZADO DE HOMBRE;SP19;VN;TFC;;12;7.5;'190284737621;2;1;2;54;108;0.0163;1.26
7/3/2019;280;TL-006833MP;TL-50616;21-495;GRUPO INVERCRO S DE RL;19;A1J4H;MT  MADDSEN MID LTHR BROWN;MEDIUM BROWN FULL GRAIN;C 100% CUERO S 100% CAUCHO PEGADA F 100% TEXTIL P 80% SINTETICO 20% TEXTIL;6403.99.970;HOMBRE;MID HIKER;CALZADO DE HOMBRE;SP19;VN;TFC;;12;8;'190284737706;2;1;2;54;108;0.0163;1.26
7/3/2019;280;TL-006833MP;TL-50616;21-495;GRUPO INVERCRO S DE RL;19;A1J4H;MT  MADDSEN MID LTHR BROWN;MEDIUM BROWN FULL GRAIN;C 100% CUERO S 100% CAUCHO PEGADA F 100% TEXTIL P 80% SINTETICO 20% TEXTIL;6403.99.970;HOMBRE;MID HIKER;CALZADO DE HOMBRE;SP19;VN;TFC;;12;8.5;'190284737782;2;1;2;54;108;0.0163;1.26
7/3/2019;280;TL-006833MP;TL-50616;21-495;GRUPO INVERCRO S DE RL;19;A1J4H;MT  MADDSEN MID LTHR BROWN;MEDIUM BROWN FULL GRAIN;C 100% CUERO S 100% CAUCHO PEGADA F 100% TEXTIL P 80% SINTETICO 20% TEXTIL;6403.99.970;HOMBRE;MID HIKER;CALZADO DE HOMBRE;SP19;VN;TFC;;12;9;'190284737867;2;1;2;54;108;0.0163;1.26
7/3/2019;280;TL-006833MP;TL-50616;21-495;GRUPO INVERCRO S DE RL;19;A1J4H;MT  MADDSEN MID LTHR BROWN;MEDIUM BROWN FULL GRAIN;C 100% CUERO S 100% CAUCHO PEGADA F 100% TEXTIL P 80% SINTETICO 20% TEXTIL;6403.99.970;HOMBRE;MID HIKER;CALZADO DE HOMBRE;SP19;VN;TFC;;12;9.5;'190284737942;1;1;1;54;54;0.0163;1.26
7/3/2019;280;TL-006833MP;TL-50616;21-495;GRUPO INVERCRO S DE RL;19;A1J4H;MT  MADDSEN MID LTHR BROWN;MEDIUM BROWN FULL GRAIN;C 100% CUERO S 100% CAUCHO PEGADA F 100% TEXTIL P 80% SINTETICO 20% TEXTIL;6403.99.970;HOMBRE;MID HIKER;CALZADO DE HOMBRE;SP19;VN;TFC;;12;10;'190284738024;1;1;1;54;54;0.0163;1.26
7/3/2019;280;TL-006833MP;TL-50616;21-495;GRUPO INVERCRO S DE RL;19;A1J4H;MT  MADDSEN MID LTHR BROWN;MEDIUM BROWN FULL GRAIN;C 100% CUERO S 100% CAUCHO PEGADA F 100% TEXTIL P 80% SINTETICO 20% TEXTIL;6403.99.970;HOMBRE;MID HIKER;CALZADO DE HOMBRE;SP19;VN;TFC;;12;10.5;'190284738130;1;1;1;54;54;0.0163;1.26
7/3/2019;280;TL-006833MP;TL-50616;21-495;GRUPO INVERCRO S DE RL;19;A1J4H;MT  MADDSEN MID LTHR BROWN;MEDIUM BROWN FULL GRAIN;C 100% CUERO S 100% CAUCHO PEGADA F 100% TEXTIL P 80% SINTETICO 20% TEXTIL;6403.99.970;HOMBRE;MID HIKER;CALZADO DE HOMBRE;SP19;VN;TFC;;12;11;'190284738253;1;1;1;54;54;0.0163;1.26
7/3/2019;280;TL-006833MP;TL-50616;21-495;GRUPO INVERCRO S DE RL;20;10073;AF 6IN PREM BT BLACK BLACK;BLACK NUBUCK;C  100% CUERO  S  100% CAUCHO  F  100% TEXTIL  P  80% SINTETICA  20% TEXTIL;6403.91.970;HOMBRE;BOOT;BOTAS DE HOMBRE;0;BD;TF;;12;7;'906995035;1;1;1;72;72;0.0164;1.96
7/3/2019;280;TL-006833MP;TL-50616;21-495;GRUPO INVERCRO S DE RL;20;10073;AF 6IN PREM BT BLACK BLACK;BLACK NUBUCK;C  100% CUERO  S  100% CAUCHO  F  100% TEXTIL  P  80% SINTETICA  20% TEXTIL;6403.91.970;HOMBRE;BOOT;BOTAS DE HOMBRE;0;BD;TF;;12;7.5;'906995042;2;1;2;72;144;0.0164;1.96
7/3/2019;280;TL-006833MP;TL-50616;21-495;GRUPO INVERCRO S DE RL;20;10073;AF 6IN PREM BT BLACK BLACK;BLACK NUBUCK;C  100% CUERO  S  100% CAUCHO  F  100% TEXTIL  P  80% SINTETICA  20% TEXTIL;6403.91.970;HOMBRE;BOOT;BOTAS DE HOMBRE;0;BD;TF;;12;8;'906995059;2;1;2;72;144;0.0164;1.96
7/3/2019;280;TL-006833MP;TL-50616;21-495;GRUPO INVERCRO S DE RL;20;10073;AF 6IN PREM BT BLACK BLACK;BLACK NUBUCK;C  100% CUERO  S  100% CAUCHO  F  100% TEXTIL  P  80% SINTETICA  20% TEXTIL;6403.91.970;HOMBRE;BOOT;BOTAS DE HOMBRE;0;BD;TF;;12;8.5;'906995066;2;1;2;72;144;0.0164;1.96
7/3/2019;280;TL-006833MP;TL-50616;21-495;GRUPO INVERCRO S DE RL;20;10073;AF 6IN PREM BT BLACK BLACK;BLACK NUBUCK;C  100% CUERO  S  100% CAUCHO  F  100% TEXTIL  P  80% SINTETICA  20% TEXTIL;6403.91.970;HOMBRE;BOOT;BOTAS DE HOMBRE;0;BD;TF;;12;9;'906995073;2;1;2;72;144;0.0164;1.96
7/3/2019;280;TL-006833MP;TL-50616;21-495;GRUPO INVERCRO S DE RL;20;10073;AF 6IN PREM BT BLACK BLACK;BLACK NUBUCK;C  100% CUERO  S  100% CAUCHO  F  100% TEXTIL  P  80% SINTETICA  20% TEXTIL;6403.91.970;HOMBRE;BOOT;BOTAS DE HOMBRE;0;BD;TF;;12;9.5;'906995080;1;1;1;72;72;0.0164;1.96
7/3/2019;280;TL-006833MP;TL-50616;21-495;GRUPO INVERCRO S DE RL;20;10073;AF 6IN PREM BT BLACK BLACK;BLACK NUBUCK;C  100% CUERO  S  100% CAUCHO  F  100% TEXTIL  P  80% SINTETICA  20% TEXTIL;6403.91.970;HOMBRE;BOOT;BOTAS DE HOMBRE;0;BD;TF;;12;10;'906995097;1;1;1;72;72;0.0164;1.96
7/3/2019;280;TL-006833MP;TL-50616;21-495;GRUPO INVERCRO S DE RL;20;10073;AF 6IN PREM BT BLACK BLACK;BLACK NUBUCK;C  100% CUERO  S  100% CAUCHO  F  100% TEXTIL  P  80% SINTETICA  20% TEXTIL;6403.91.970;HOMBRE;BOOT;BOTAS DE HOMBRE;0;BD;TF;;12;10.5;'906995103;1;1;1;72;72;0.0164;1.96
7/3/2019;280;TL-006833MP;TL-50616;21-495;GRUPO INVERCRO S DE RL;21;A1QCT;SAWYER LANE WP CHUKK BARK;DARK BROWN NUBUCK;C 100% CUERO S 100% CAUCHO PEGADA F 100% TEXTIL P 80% SINTETICO 20% TEXTIL;6403.99.970;HOMBRE;CHUKKA;CALZADO DE HOMBRE;FA18;KH;TF;;12;7;'191928408839;1;2;2;48;96;0.0116;1
7/3/2019;280;TL-006833MP;TL-50616;21-495;GRUPO INVERCRO S DE RL;21;A1QCT;SAWYER LANE WP CHUKK BARK;DARK BROWN NUBUCK;C 100% CUERO S 100% CAUCHO PEGADA F 100% TEXTIL P 80% SINTETICO 20% TEXTIL;6403.99.970;HOMBRE;CHUKKA;CALZADO DE HOMBRE;FA18;KH;TF;;12;7.5;'191928408938;2;2;4;48;192;0.0116;1
7/3/2019;280;TL-006833MP;TL-50616;21-495;GRUPO INVERCRO S DE RL;21;A1QCT;SAWYER LANE WP CHUKK BARK;DARK BROWN NUBUCK;C 100% CUERO S 100% CAUCHO PEGADA F 100% TEXTIL P 80% SINTETICO 20% TEXTIL;6403.99.970;HOMBRE;CHUKKA;CALZADO DE HOMBRE;FA18;KH;TF;;12;8;'191928409034;2;2;4;48;192;0.0116;1
7/3/2019;280;TL-006833MP;TL-50616;21-495;GRUPO INVERCRO S DE RL;21;A1QCT;SAWYER LANE WP CHUKK BARK;DARK BROWN NUBUCK;C 100% CUERO S 100% CAUCHO PEGADA F 100% TEXTIL P 80% SINTETICO 20% TEXTIL;6403.99.970;HOMBRE;CHUKKA;CALZADO DE HOMBRE;FA18;KH;TF;;12;8.5;'191928409171;2;2;4;48;192;0.0116;1
7/3/2019;280;TL-006833MP;TL-50616;21-495;GRUPO INVERCRO S DE RL;21;A1QCT;SAWYER LANE WP CHUKK BARK;DARK BROWN NUBUCK;C 100% CUERO S 100% CAUCHO PEGADA F 100% TEXTIL P 80% SINTETICO 20% TEXTIL;6403.99.970;HOMBRE;CHUKKA;CALZADO DE HOMBRE;FA18;KH;TF;;12;9;'191928409317;2;2;4;48;192;0.0116;1
7/3/2019;280;TL-006833MP;TL-50616;21-495;GRUPO INVERCRO S DE RL;21;A1QCT;SAWYER LANE WP CHUKK BARK;DARK BROWN NUBUCK;C 100% CUERO S 100% CAUCHO PEGADA F 100% TEXTIL P 80% SINTETICO 20% TEXTIL;6403.99.970;HOMBRE;CHUKKA;CALZADO DE HOMBRE;FA18;KH;TF;;12;9.5;'191928409423;1;2;2;48;96;0.0116;1
7/3/2019;280;TL-006833MP;TL-50616;21-495;GRUPO INVERCRO S DE RL;21;A1QCT;SAWYER LANE WP CHUKK BARK;DARK BROWN NUBUCK;C 100% CUERO S 100% CAUCHO PEGADA F 100% TEXTIL P 80% SINTETICO 20% TEXTIL;6403.99.970;HOMBRE;CHUKKA;CALZADO DE HOMBRE;FA18;KH;TF;;12;10;'191928409522;1;2;2;48;96;0.0116;1
7/3/2019;280;TL-006833MP;TL-50616;21-495;GRUPO INVERCRO S DE RL;21;A1QCT;SAWYER LANE WP CHUKK BARK;DARK BROWN NUBUCK;C 100% CUERO S 100% CAUCHO PEGADA F 100% TEXTIL P 80% SINTETICO 20% TEXTIL;6403.99.970;HOMBRE;CHUKKA;CALZADO DE HOMBRE;FA18;KH;TF;;12;10.5;'191928409621;1;2;2;48;96;0.0116;1
7/3/2019;280;TL-006833MP;TL-50616;21-495;GRUPO INVERCRO S DE RL;22;A1W1Z;FLYROAM TRAIL LOW NVY;NAVY JACQUARD;C 85% TEXTIL 10% CUERO 5% SINTETICO S 100% CAUCHO PEGADA F 100% TEXTIL P 80% SINTETICO 20% TEXTIL;6403.99.970;HOMBRE;LOW HIKER;CALZADO DE HOMBRE;SP19;KH;TF;;12;7;'191932958658;1;1;1;52;52;0.0139;0.96
7/3/2019;280;TL-006833MP;TL-50616;21-495;GRUPO INVERCRO S DE RL;22;A1W1Z;FLYROAM TRAIL LOW NVY;NAVY JACQUARD;C 85% TEXTIL 10% CUERO 5% SINTETICO S 100% CAUCHO PEGADA F 100% TEXTIL P 80% SINTETICO 20% TEXTIL;6403.99.970;HOMBRE;LOW HIKER;CALZADO DE HOMBRE;SP19;KH;TF;;12;7.5;'191932958696;2;1;2;52;104;0.0139;0.96
7/3/2019;280;TL-006833MP;TL-50616;21-495;GRUPO INVERCRO S DE RL;22;A1W1Z;FLYROAM TRAIL LOW NVY;NAVY JACQUARD;C 85% TEXTIL 10% CUERO 5% SINTETICO S 100% CAUCHO PEGADA F 100% TEXTIL P 80% SINTETICO 20% TEXTIL;6403.99.970;HOMBRE;LOW HIKER;CALZADO DE HOMBRE;SP19;KH;TF;;12;8;'191932958757;2;1;2;52;104;0.0139;0.96
7/3/2019;280;TL-006833MP;TL-50616;21-495;GRUPO INVERCRO S DE RL;22;A1W1Z;FLYROAM TRAIL LOW NVY;NAVY JACQUARD;C 85% TEXTIL 10% CUERO 5% SINTETICO S 100% CAUCHO PEGADA F 100% TEXTIL P 80% SINTETICO 20% TEXTIL;6403.99.970;HOMBRE;LOW HIKER;CALZADO DE HOMBRE;SP19;KH;TF;;12;8.5;'191932958788;2;1;2;52;104;0.0139;0.96
7/3/2019;280;TL-006833MP;TL-50616;21-495;GRUPO INVERCRO S DE RL;22;A1W1Z;FLYROAM TRAIL LOW NVY;NAVY JACQUARD;C 85% TEXTIL 10% CUERO 5% SINTETICO S 100% CAUCHO PEGADA F 100% TEXTIL P 80% SINTETICO 20% TEXTIL;6403.99.970;HOMBRE;LOW HIKER;CALZADO DE HOMBRE;SP19;KH;TF;;12;9;'191932958825;2;1;2;52;104;0.0139;0.96
7/3/2019;280;TL-006833MP;TL-50616;21-495;GRUPO INVERCRO S DE RL;22;A1W1Z;FLYROAM TRAIL LOW NVY;NAVY JACQUARD;C 85% TEXTIL 10% CUERO 5% SINTETICO S 100% CAUCHO PEGADA F 100% TEXTIL P 80% SINTETICO 20% TEXTIL;6403.99.970;HOMBRE;LOW HIKER;CALZADO DE HOMBRE;SP19;KH;TF;;12;9.5;'191932958856;1;1;1;52;52;0.0139;0.96
7/3/2019;280;TL-006833MP;TL-50616;21-495;GRUPO INVERCRO S DE RL;22;A1W1Z;FLYROAM TRAIL LOW NVY;NAVY JACQUARD;C 85% TEXTIL 10% CUERO 5% SINTETICO S 100% CAUCHO PEGADA F 100% TEXTIL P 80% SINTETICO 20% TEXTIL;6403.99.970;HOMBRE;LOW HIKER;CALZADO DE HOMBRE;SP19;KH;TF;;12;10;'191932958900;1;1;1;52;52;0.0139;0.96
7/3/2019;280;TL-006833MP;TL-50616;21-495;GRUPO INVERCRO S DE RL;22;A1W1Z;FLYROAM TRAIL LOW NVY;NAVY JACQUARD;C 85% TEXTIL 10% CUERO 5% SINTETICO S 100% CAUCHO PEGADA F 100% TEXTIL P 80% SINTETICO 20% TEXTIL;6403.99.970;HOMBRE;LOW HIKER;CALZADO DE HOMBRE;SP19;KH;TF;;12;10.5;'191932958962;1;1;1;52;52;0.0139;0.96
7/3/2019;280;TL-006833MP;TL-50616;21-495;GRUPO INVERCRO S DE RL;23;A1VP2;MT MADDSEN CHKKA WP DKBRN;DARK BROWN FULL GRAIN;C 100% CUERO S 100% CAUCHO PEGADA F 80% CUERO 20% TEXTIL P 80% SINTETICO 20% TEXTIL;6403.99.970;HOMBRE;CHUKKA;CALZADO DE HOMBRE;SP19;VN;TF;;12;7;'191931994800;1;1;1;54;54;0.0153;1.32
7/3/2019;280;TL-006833MP;TL-50616;21-495;GRUPO INVERCRO S DE RL;23;A1VP2;MT MADDSEN CHKKA WP DKBRN;DARK BROWN FULL GRAIN;C 100% CUERO S 100% CAUCHO PEGADA F 80% CUERO 20% TEXTIL P 80% SINTETICO 20% TEXTIL;6403.99.970;HOMBRE;CHUKKA;CALZADO DE HOMBRE;SP19;VN;TF;;12;7.5;'191931994961;2;1;2;54;108;0.0153;1.32
7/3/2019;280;TL-006833MP;TL-50616;21-495;GRUPO INVERCRO S DE RL;23;A1VP2;MT MADDSEN CHKKA WP DKBRN;DARK BROWN FULL GRAIN;C 100% CUERO S 100% CAUCHO PEGADA F 80% CUERO 20% TEXTIL P 80% SINTETICO 20% TEXTIL;6403.99.970;HOMBRE;CHUKKA;CALZADO DE HOMBRE;SP19;VN;TF;;12;8;'191931995142;2;1;2;54;108;0.0153;1.32
7/3/2019;280;TL-006833MP;TL-50616;21-495;GRUPO INVERCRO S DE RL;23;A1VP2;MT MADDSEN CHKKA WP DKBRN;DARK BROWN FULL GRAIN;C 100% CUERO S 100% CAUCHO PEGADA F 80% CUERO 20% TEXTIL P 80% SINTETICO 20% TEXTIL;6403.99.970;HOMBRE;CHUKKA;CALZADO DE HOMBRE;SP19;VN;TF;;12;8.5;'191931995326;2;1;2;54;108;0.0153;1.32
7/3/2019;280;TL-006833MP;TL-50616;21-495;GRUPO INVERCRO S DE RL;23;A1VP2;MT MADDSEN CHKKA WP DKBRN;DARK BROWN FULL GRAIN;C 100% CUERO S 100% CAUCHO PEGADA F 80% CUERO 20% TEXTIL P 80% SINTETICO 20% TEXTIL;6403.99.970;HOMBRE;CHUKKA;CALZADO DE HOMBRE;SP19;VN;TF;;12;9;'191931995487;2;1;2;54;108;0.0153;1.32
7/3/2019;280;TL-006833MP;TL-50616;21-495;GRUPO INVERCRO S DE RL;23;A1VP2;MT MADDSEN CHKKA WP DKBRN;DARK BROWN FULL GRAIN;C 100% CUERO S 100% CAUCHO PEGADA F 80% CUERO 20% TEXTIL P 80% SINTETICO 20% TEXTIL;6403.99.970;HOMBRE;CHUKKA;CALZADO DE HOMBRE;SP19;VN;TF;;12;9.5;'191931995647;1;1;1;54;54;0.0153;1.32
7/3/2019;280;TL-006833MP;TL-50616;21-495;GRUPO INVERCRO S DE RL;23;A1VP2;MT MADDSEN CHKKA WP DKBRN;DARK BROWN FULL GRAIN;C 100% CUERO S 100% CAUCHO PEGADA F 80% CUERO 20% TEXTIL P 80% SINTETICO 20% TEXTIL;6403.99.970;HOMBRE;CHUKKA;CALZADO DE HOMBRE;SP19;VN;TF;;12;10;'191931995807;1;1;1;54;54;0.0153;1.32
7/3/2019;280;TL-006833MP;TL-50616;21-495;GRUPO INVERCRO S DE RL;23;A1VP2;MT MADDSEN CHKKA WP DKBRN;DARK BROWN FULL GRAIN;C 100% CUERO S 100% CAUCHO PEGADA F 80% CUERO 20% TEXTIL P 80% SINTETICO 20% TEXTIL;6403.99.970;HOMBRE;CHUKKA;CALZADO DE HOMBRE;SP19;VN;TF;;12;10.5;'191931995968;1;1;1;54;54;0.0153;1.32
